SYMBOL,COMPANY,SECTOR,ISIN,YF_TICKER,BUILT_AT,AS_OF_MONTH
360ONE,360 ONE WAM Ltd.,Financial Services,INE466L01038,360ONE.NS,2026-05-01,2025-03
3MINDIA,3M India Ltd.,Diversified,INE470A01017,3MINDIA.NS,2026-05-01,2025-03
ABB,ABB India Ltd.,Capital Goods,INE117A01022,ABB.NS,2026-05-01,2025-03
ACC,ACC Ltd.,Construction Materials,INE012A01025,ACC.NS,2026-05-01,2025-03
ACMESOLAR,ACME Solar Holdings Ltd.,Power,INE622W01025,ACMESOLAR.NS,2026-05-01,2025-03
AIAENG,AIA Engineering Ltd.,Capital Goods,INE212H01026,AIAENG.NS,2026-05-01,2025-03
APLAPOLLO,APL Apollo Tubes Ltd.,Capital Goods,INE702C01027,APLAPOLLO.NS,2026-05-01,2025-03
AUBANK,AU Small Finance Bank Ltd.,Financial Services,INE949L01017,AUBANK.NS,2026-05-01,2025-03
AWL,AWL Agri Business Ltd.,Fast Moving Consumer Goods,INE699H01024,AWL.NS,2026-05-01,2025-03
AADHARHFC,Aadhar Housing Finance Ltd.,Financial Services,INE883F01010,AADHARHFC.NS,2026-05-01,2025-03
AARTIIND,Aarti Industries Ltd.,Chemicals,INE769A01020,AARTIIND.NS,2026-05-01,2025-03
AAVAS,Aavas Financiers Ltd.,Financial Services,INE216P01012,AAVAS.NS,2026-05-01,2025-03
ABBOTINDIA,Abbott India Ltd.,Healthcare,INE358A01014,ABBOTINDIA.NS,2026-05-01,2025-03
ACE,Action Construction Equipment Ltd.,Capital Goods,INE731H01025,ACE.NS,2026-05-01,2025-03
ADANIENSOL,Adani Energy Solutions Ltd.,Power,INE931S01010,ADANIENSOL.NS,2026-05-01,2025-03
ADANIENT,Adani Enterprises Ltd.,Metals & Mining,INE423A01024,ADANIENT.NS,2026-05-01,2025-03
ADANIGREEN,Adani Green Energy Ltd.,Power,INE364U01010,ADANIGREEN.NS,2026-05-01,2025-03
ADANIPORTS,Adani Ports and Special Economic Zone Ltd.,Services,INE742F01042,ADANIPORTS.NS,2026-05-01,2025-03
ADANIPOWER,Adani Power Ltd.,Power,INE814H01029,ADANIPOWER.NS,2026-05-01,2025-03
ATGL,Adani Total Gas Ltd.,Oil Gas & Consumable Fuels,INE399L01023,ATGL.NS,2026-05-01,2025-03
ABCAPITAL,Aditya Birla Capital Ltd.,Financial Services,INE674K01013,ABCAPITAL.NS,2026-05-01,2025-03
ABFRL,Aditya Birla Fashion and Retail Ltd.,Consumer Services,INE647O01011,ABFRL.NS,2026-05-01,2025-03
ABREL,Aditya Birla Real Estate Ltd.,Realty,INE055A01016,ABREL.NS,2026-05-01,2025-03
ABSLAMC,Aditya Birla Sun Life AMC Ltd.,Financial Services,INE404A01024,ABSLAMC.NS,2026-05-01,2025-03
AEGISLOG,Aegis Logistics Ltd.,Oil Gas & Consumable Fuels,INE208C01025,AEGISLOG.NS,2026-05-01,2025-03
AFCONS,Afcons Infrastructure Ltd.,Construction,INE101I01011,AFCONS.NS,2026-05-01,2025-03
AFFLE,Affle 3i Ltd.,Information Technology,INE00WC01027,AFFLE.NS,2026-05-01,2025-03
AJANTPHARM,Ajanta Pharmaceuticals Ltd.,Healthcare,INE031B01049,AJANTPHARM.NS,2026-05-01,2025-03
ALKEM,Alkem Laboratories Ltd.,Healthcare,INE540L01014,ALKEM.NS,2026-05-01,2025-03
ABDL,Allied Blenders and Distillers Ltd.,Fast Moving Consumer Goods,INE552Z01027,ABDL.NS,2026-05-01,2025-03
ARE&M,Amara Raja Energy & Mobility Ltd.,Automobile and Auto Components,INE885A01032,ARE&M.NS,2026-05-01,2025-03
AMBER,Amber Enterprises India Ltd.,Consumer Durables,INE371P01015,AMBER.NS,2026-05-01,2025-03
AMBUJACEM,Ambuja Cements Ltd.,Construction Materials,INE079A01024,AMBUJACEM.NS,2026-05-01,2025-03
ANANDRATHI,Anand Rathi Wealth Ltd.,Financial Services,INE463V01026,ANANDRATHI.NS,2026-05-01,2025-03
ANANTRAJ,Anant Raj Ltd.,Realty,INE242C01024,ANANTRAJ.NS,2026-05-01,2025-03
ANGELONE,Angel One Ltd.,Financial Services,INE732I01021,ANGELONE.NS,2026-05-01,2025-03
ANURAS,Anupam Rasayan India Ltd.,Chemicals,INE930P01018,ANURAS.NS,2026-05-01,2025-03
APARINDS,Apar Industries Ltd.,Capital Goods,INE372A01015,APARINDS.NS,2026-05-01,2025-03
APOLLOHOSP,Apollo Hospitals Enterprise Ltd.,Healthcare,INE437A01024,APOLLOHOSP.NS,2026-05-01,2025-03
APOLLOTYRE,Apollo Tyres Ltd.,Automobile and Auto Components,INE438A01022,APOLLOTYRE.NS,2026-05-01,2025-03
APTUS,Aptus Value Housing Finance India Ltd.,Financial Services,INE852O01025,APTUS.NS,2026-05-01,2025-03
ASAHIINDIA,Asahi India Glass Ltd.,Automobile and Auto Components,INE439A01020,ASAHIINDIA.NS,2026-05-01,2025-03
ASHOKLEY,Ashok Leyland Ltd.,Capital Goods,INE208A01029,ASHOKLEY.NS,2026-05-01,2025-03
ASIANPAINT,Asian Paints Ltd.,Consumer Durables,INE021A01026,ASIANPAINT.NS,2026-05-01,2025-03
ASTERDM,Aster DM Healthcare Ltd.,Healthcare,INE914M01019,ASTERDM.NS,2026-05-01,2025-03
ASTRAL,Astral Ltd.,Capital Goods,INE006I01046,ASTRAL.NS,2026-05-01,2025-03
ATUL,Atul Ltd.,Chemicals,INE100A01010,ATUL.NS,2026-05-01,2025-03
AUROPHARMA,Aurobindo Pharma Ltd.,Healthcare,INE406A01037,AUROPHARMA.NS,2026-05-01,2025-03
AIIL,Authum Investment & Infrastructure Ltd.,Financial Services,INE206F01022,AIIL.NS,2026-05-01,2025-03
DMART,Avenue Supermarts Ltd.,Consumer Services,INE192R01011,DMART.NS,2026-05-01,2025-03
AXISBANK,Axis Bank Ltd.,Financial Services,INE238A01034,AXISBANK.NS,2026-05-01,2025-03
BEML,BEML Ltd.,Capital Goods,INE258A01024,BEML.NS,2026-05-01,2025-03
BLS,BLS International Services Ltd.,Consumer Services,INE153T01027,BLS.NS,2026-05-01,2025-03
BSE,BSE Ltd.,Financial Services,INE118H01025,BSE.NS,2026-05-01,2025-03
BAJAJ-AUTO,Bajaj Auto Ltd.,Automobile and Auto Components,INE917I01010,BAJAJ-AUTO.NS,2026-05-01,2025-03
BAJFINANCE,Bajaj Finance Ltd.,Financial Services,INE296A01032,BAJFINANCE.NS,2026-05-01,2025-03
BAJAJFINSV,Bajaj Finserv Ltd.,Financial Services,INE918I01026,BAJAJFINSV.NS,2026-05-01,2025-03
BAJAJHLDNG,Bajaj Holdings & Investment Ltd.,Financial Services,INE118A01012,BAJAJHLDNG.NS,2026-05-01,2025-03
BAJAJHFL,Bajaj Housing Finance Ltd.,Financial Services,INE377Y01014,BAJAJHFL.NS,2026-05-01,2025-03
BALKRISIND,Balkrishna Industries Ltd.,Automobile and Auto Components,INE787D01026,BALKRISIND.NS,2026-05-01,2025-03
BALRAMCHIN,Balrampur Chini Mills Ltd.,Fast Moving Consumer Goods,INE119A01028,BALRAMCHIN.NS,2026-05-01,2025-03
BANDHANBNK,Bandhan Bank Ltd.,Financial Services,INE545U01014,BANDHANBNK.NS,2026-05-01,2025-03
BANKBARODA,Bank of Baroda,Financial Services,INE028A01039,BANKBARODA.NS,2026-05-01,2025-03
BANKINDIA,Bank of India,Financial Services,INE084A01016,BANKINDIA.NS,2026-05-01,2025-03
MAHABANK,Bank of Maharashtra,Financial Services,INE457A01014,MAHABANK.NS,2026-05-01,2025-03
BATAINDIA,Bata India Ltd.,Consumer Durables,INE176A01028,BATAINDIA.NS,2026-05-01,2025-03
BAYERCROP,Bayer Cropscience Ltd.,Chemicals,INE462A01022,BAYERCROP.NS,2026-05-01,2025-03
BERGEPAINT,Berger Paints India Ltd.,Consumer Durables,INE463A01038,BERGEPAINT.NS,2026-05-01,2025-03
BDL,Bharat Dynamics Ltd.,Capital Goods,INE171Z01026,BDL.NS,2026-05-01,2025-03
BEL,Bharat Electronics Ltd.,Capital Goods,INE263A01024,BEL.NS,2026-05-01,2025-03
BHARATFORG,Bharat Forge Ltd.,Automobile and Auto Components,INE465A01025,BHARATFORG.NS,2026-05-01,2025-03
BHEL,Bharat Heavy Electricals Ltd.,Capital Goods,INE257A01026,BHEL.NS,2026-05-01,2025-03
BPCL,Bharat Petroleum Corporation Ltd.,Oil Gas & Consumable Fuels,INE029A01011,BPCL.NS,2026-05-01,2025-03
BHARTIARTL,Bharti Airtel Ltd.,Telecommunication,INE397D01024,BHARTIARTL.NS,2026-05-01,2025-03
BHARTIHEXA,Bharti Hexacom Ltd.,Telecommunication,INE343G01021,BHARTIHEXA.NS,2026-05-01,2025-03
BIKAJI,Bikaji Foods International Ltd.,Fast Moving Consumer Goods,INE00E101023,BIKAJI.NS,2026-05-01,2025-03
BIOCON,Biocon Ltd.,Healthcare,INE376G01013,BIOCON.NS,2026-05-01,2025-03
BSOFT,Birlasoft Ltd.,Information Technology,INE836A01035,BSOFT.NS,2026-05-01,2025-03
BLUEDART,Blue Dart Express Ltd.,Services,INE233B01017,BLUEDART.NS,2026-05-01,2025-03
BLUEJET,Blue Jet Healthcare Ltd.,Healthcare,INE0KBH01020,BLUEJET.NS,2026-05-01,2025-03
BLUESTARCO,Blue Star Ltd.,Consumer Durables,INE472A01039,BLUESTARCO.NS,2026-05-01,2025-03
BBTC,Bombay Burmah Trading Corporation Ltd.,Fast Moving Consumer Goods,INE050A01025,BBTC.NS,2026-05-01,2025-03
BOSCHLTD,Bosch Ltd.,Automobile and Auto Components,INE323A01026,BOSCHLTD.NS,2026-05-01,2025-03
FIRSTCRY,Brainbees Solutions Ltd.,Consumer Services,INE02RE01045,FIRSTCRY.NS,2026-05-01,2025-03
BRIGADE,Brigade Enterprises Ltd.,Realty,INE791I01019,BRIGADE.NS,2026-05-01,2025-03
BRITANNIA,Britannia Industries Ltd.,Fast Moving Consumer Goods,INE216A01030,BRITANNIA.NS,2026-05-01,2025-03
MAPMYINDIA,C.E. Info Systems Ltd.,Information Technology,INE0BV301023,MAPMYINDIA.NS,2026-05-01,2025-03
CCL,CCL Products (I) Ltd.,Fast Moving Consumer Goods,INE421D01022,CCL.NS,2026-05-01,2025-03
CESC,CESC Ltd.,Power,INE486A01021,CESC.NS,2026-05-01,2025-03
CGPOWER,CG Power and Industrial Solutions Ltd.,Capital Goods,INE067A01029,CGPOWER.NS,2026-05-01,2025-03
CRISIL,CRISIL Ltd.,Financial Services,INE007A01025,CRISIL.NS,2026-05-01,2025-03
CANFINHOME,Can Fin Homes Ltd.,Financial Services,INE477A01020,CANFINHOME.NS,2026-05-01,2025-03
CANBK,Canara Bank,Financial Services,INE476A01022,CANBK.NS,2026-05-01,2025-03
CAPLIPOINT,Caplin Point Laboratories Ltd.,Healthcare,INE475E01026,CAPLIPOINT.NS,2026-05-01,2025-03
CGCL,Capri Global Capital Ltd.,Financial Services,INE180C01042,CGCL.NS,2026-05-01,2025-03
CARBORUNIV,Carborundum Universal Ltd.,Capital Goods,INE120A01034,CARBORUNIV.NS,2026-05-01,2025-03
CARTRADE,Cartrade Tech Ltd.,Consumer Services,INE290S01011,CARTRADE.NS,2026-05-01,2025-03
CASTROLIND,Castrol India Ltd.,Oil Gas & Consumable Fuels,INE172A01027,CASTROLIND.NS,2026-05-01,2025-03
CEATLTD,Ceat Ltd.,Automobile and Auto Components,INE482A01020,CEATLTD.NS,2026-05-01,2025-03
CENTRALBK,Central Bank of India,Financial Services,INE483A01010,CENTRALBK.NS,2026-05-01,2025-03
CDSL,Central Depository Services (India) Ltd.,Financial Services,INE736A01011,CDSL.NS,2026-05-01,2025-03
CHALET,Chalet Hotels Ltd.,Consumer Services,INE427F01016,CHALET.NS,2026-05-01,2025-03
CHAMBLFERT,Chambal Fertilizers & Chemicals Ltd.,Chemicals,INE085A01013,CHAMBLFERT.NS,2026-05-01,2025-03
CHENNPETRO,Chennai Petroleum Corporation Ltd.,Oil Gas & Consumable Fuels,INE178A01016,CHENNPETRO.NS,2026-05-01,2025-03
CHOICEIN,Choice International Ltd.,Financial Services,INE102B01014,CHOICEIN.NS,2026-05-01,2025-03
CHOLAHLDNG,Cholamandalam Financial Holdings Ltd.,Financial Services,INE149A01033,CHOLAHLDNG.NS,2026-05-01,2025-03
CHOLAFIN,Cholamandalam Investment and Finance Company Ltd.,Financial Services,INE121A01024,CHOLAFIN.NS,2026-05-01,2025-03
CIPLA,Cipla Ltd.,Healthcare,INE059A01026,CIPLA.NS,2026-05-01,2025-03
CUB,City Union Bank Ltd.,Financial Services,INE491A01021,CUB.NS,2026-05-01,2025-03
CLEAN,Clean Science and Technology Ltd.,Chemicals,INE227W01023,CLEAN.NS,2026-05-01,2025-03
COALINDIA,Coal India Ltd.,Oil Gas & Consumable Fuels,INE522F01014,COALINDIA.NS,2026-05-01,2025-03
COCHINSHIP,Cochin Shipyard Ltd.,Capital Goods,INE704P01025,COCHINSHIP.NS,2026-05-01,2025-03
COFORGE,Coforge Ltd.,Information Technology,INE591G01025,COFORGE.NS,2026-05-01,2025-03
COLPAL,Colgate Palmolive (India) Ltd.,Fast Moving Consumer Goods,INE259A01022,COLPAL.NS,2026-05-01,2025-03
CAMS,Computer Age Management Services Ltd.,Financial Services,INE596I01020,CAMS.NS,2026-05-01,2025-03
CONCORDBIO,Concord Biotech Ltd.,Healthcare,INE338H01029,CONCORDBIO.NS,2026-05-01,2025-03
CONCOR,Container Corporation of India Ltd.,Services,INE111A01025,CONCOR.NS,2026-05-01,2025-03
COROMANDEL,Coromandel International Ltd.,Chemicals,INE169A01031,COROMANDEL.NS,2026-05-01,2025-03
CRAFTSMAN,Craftsman Automation Ltd.,Automobile and Auto Components,INE00LO01017,CRAFTSMAN.NS,2026-05-01,2025-03
CREDITACC,CreditAccess Grameen Ltd.,Financial Services,INE741K01010,CREDITACC.NS,2026-05-01,2025-03
CROMPTON,Crompton Greaves Consumer Electricals Ltd.,Consumer Durables,INE299U01018,CROMPTON.NS,2026-05-01,2025-03
CUMMINSIND,Cummins India Ltd.,Capital Goods,INE298A01020,CUMMINSIND.NS,2026-05-01,2025-03
CYIENT,Cyient Ltd.,Information Technology,INE136B01020,CYIENT.NS,2026-05-01,2025-03
DCMSHRIRAM,DCM Shriram Ltd.,Diversified,INE499A01024,DCMSHRIRAM.NS,2026-05-01,2025-03
DLF,DLF Ltd.,Realty,INE271C01023,DLF.NS,2026-05-01,2025-03
DOMS,DOMS Industries Ltd.,Fast Moving Consumer Goods,INE321T01012,DOMS.NS,2026-05-01,2025-03
DABUR,Dabur India Ltd.,Fast Moving Consumer Goods,INE016A01026,DABUR.NS,2026-05-01,2025-03
DALBHARAT,Dalmia Bharat Ltd.,Construction Materials,INE00R701025,DALBHARAT.NS,2026-05-01,2025-03
DATAPATTNS,Data Patterns (India) Ltd.,Capital Goods,INE0IX101010,DATAPATTNS.NS,2026-05-01,2025-03
DEEPAKFERT,Deepak Fertilisers & Petrochemicals Corp. Ltd.,Chemicals,INE501A01019,DEEPAKFERT.NS,2026-05-01,2025-03
DEEPAKNTR,Deepak Nitrite Ltd.,Chemicals,INE288B01029,DEEPAKNTR.NS,2026-05-01,2025-03
DELHIVERY,Delhivery Ltd.,Services,INE148O01028,DELHIVERY.NS,2026-05-01,2025-03
DEVYANI,Devyani International Ltd.,Consumer Services,INE872J01023,DEVYANI.NS,2026-05-01,2025-03
DIVISLAB,Divi's Laboratories Ltd.,Healthcare,INE361B01024,DIVISLAB.NS,2026-05-01,2025-03
DIXON,Dixon Technologies (India) Ltd.,Consumer Durables,INE935N01020,DIXON.NS,2026-05-01,2025-03
LALPATHLAB,Dr. Lal Path Labs Ltd.,Healthcare,INE600L01024,LALPATHLAB.NS,2026-05-01,2025-03
DRREDDY,Dr. Reddy's Laboratories Ltd.,Healthcare,INE089A01031,DRREDDY.NS,2026-05-01,2025-03
EIDPARRY,E.I.D. Parry (India) Ltd.,Fast Moving Consumer Goods,INE126A01031,EIDPARRY.NS,2026-05-01,2025-03
EIHOTEL,EIH Ltd.,Consumer Services,INE230A01023,EIHOTEL.NS,2026-05-01,2025-03
EICHERMOT,Eicher Motors Ltd.,Automobile and Auto Components,INE066A01021,EICHERMOT.NS,2026-05-01,2025-03
ELECON,Elecon Engineering Co. Ltd.,Capital Goods,INE205B01031,ELECON.NS,2026-05-01,2025-03
ELGIEQUIP,Elgi Equipments Ltd.,Capital Goods,INE285A01027,ELGIEQUIP.NS,2026-05-01,2025-03
EMAMILTD,Emami Ltd.,Fast Moving Consumer Goods,INE548C01032,EMAMILTD.NS,2026-05-01,2025-03
EMCURE,Emcure Pharmaceuticals Ltd.,Healthcare,INE168P01015,EMCURE.NS,2026-05-01,2025-03
ENDURANCE,Endurance Technologies Ltd.,Automobile and Auto Components,INE913H01037,ENDURANCE.NS,2026-05-01,2025-03
ENGINERSIN,Engineers India Ltd.,Construction,INE510A01028,ENGINERSIN.NS,2026-05-01,2025-03
ERIS,Eris Lifesciences Ltd.,Healthcare,INE406M01024,ERIS.NS,2026-05-01,2025-03
ESCORTS,Escorts Kubota Ltd.,Capital Goods,INE042A01014,ESCORTS.NS,2026-05-01,2025-03
ETERNAL,Eternal Ltd.,Consumer Services,INE758T01015,ETERNAL.NS,2026-05-01,2025-03
EXIDEIND,Exide Industries Ltd.,Automobile and Auto Components,INE302A01020,EXIDEIND.NS,2026-05-01,2025-03
NYKAA,FSN E-Commerce Ventures Ltd.,Consumer Services,INE388Y01029,NYKAA.NS,2026-05-01,2025-03
FEDERALBNK,Federal Bank Ltd.,Financial Services,INE171A01029,FEDERALBNK.NS,2026-05-01,2025-03
FACT,Fertilisers and Chemicals Travancore Ltd.,Chemicals,INE188A01015,FACT.NS,2026-05-01,2025-03
FINCABLES,Finolex Cables Ltd.,Capital Goods,INE235A01022,FINCABLES.NS,2026-05-01,2025-03
FSL,Firstsource Solutions Ltd.,Services,INE684F01012,FSL.NS,2026-05-01,2025-03
FIVESTAR,Five-Star Business Finance Ltd.,Financial Services,INE128S01021,FIVESTAR.NS,2026-05-01,2025-03
FORCEMOT,Force Motors Ltd.,Automobile and Auto Components,INE451A01017,FORCEMOT.NS,2026-05-01,2025-03
FORTIS,Fortis Healthcare Ltd.,Healthcare,INE061F01013,FORTIS.NS,2026-05-01,2025-03
GAIL,GAIL (India) Ltd.,Oil Gas & Consumable Fuels,INE129A01019,GAIL.NS,2026-05-01,2025-03
GVT&D,GE Vernova T&D India Ltd.,Capital Goods,INE200A01026,GVT&D.NS,2026-05-01,2025-03
GMRAIRPORT,GMR Airports Ltd.,Services,INE776C01039,GMRAIRPORT.NS,2026-05-01,2025-03
GABRIEL,Gabriel India Ltd.,Automobile and Auto Components,INE524A01029,GABRIEL.NS,2026-05-01,2025-03
GALLANTT,Gallantt Ispat Ltd.,Capital Goods,INE297H01019,GALLANTT.NS,2026-05-01,2025-03
GRSE,Garden Reach Shipbuilders & Engineers Ltd.,Capital Goods,INE382Z01011,GRSE.NS,2026-05-01,2025-03
GICRE,General Insurance Corporation of India,Financial Services,INE481Y01014,GICRE.NS,2026-05-01,2025-03
GILLETTE,Gillette India Ltd.,Fast Moving Consumer Goods,INE322A01010,GILLETTE.NS,2026-05-01,2025-03
GLAND,Gland Pharma Ltd.,Healthcare,INE068V01023,GLAND.NS,2026-05-01,2025-03
GLAXO,Glaxosmithkline Pharmaceuticals Ltd.,Healthcare,INE159A01016,GLAXO.NS,2026-05-01,2025-03
GLENMARK,Glenmark Pharmaceuticals Ltd.,Healthcare,INE935A01035,GLENMARK.NS,2026-05-01,2025-03
MEDANTA,Global Health Ltd.,Healthcare,INE474Q01031,MEDANTA.NS,2026-05-01,2025-03
GODIGIT,Go Digit General Insurance Ltd.,Financial Services,INE03JT01014,GODIGIT.NS,2026-05-01,2025-03
GPIL,Godawari Power & Ispat Ltd.,Capital Goods,INE177H01039,GPIL.NS,2026-05-01,2025-03
GODFRYPHLP,Godfrey Phillips India Ltd.,Fast Moving Consumer Goods,INE260B01028,GODFRYPHLP.NS,2026-05-01,2025-03
GODREJCP,Godrej Consumer Products Ltd.,Fast Moving Consumer Goods,INE102D01028,GODREJCP.NS,2026-05-01,2025-03
GODREJIND,Godrej Industries Ltd.,Diversified,INE233A01035,GODREJIND.NS,2026-05-01,2025-03
GODREJPROP,Godrej Properties Ltd.,Realty,INE484J01027,GODREJPROP.NS,2026-05-01,2025-03
GRANULES,Granules India Ltd.,Healthcare,INE101D01020,GRANULES.NS,2026-05-01,2025-03
GRAPHITE,Graphite India Ltd.,Capital Goods,INE371A01025,GRAPHITE.NS,2026-05-01,2025-03
GRASIM,Grasim Industries Ltd.,Construction Materials,INE047A01021,GRASIM.NS,2026-05-01,2025-03
GRAVITA,Gravita India Ltd.,Metals & Mining,INE024L01027,GRAVITA.NS,2026-05-01,2025-03
GESHIP,Great Eastern Shipping Co. Ltd.,Services,INE017A01032,GESHIP.NS,2026-05-01,2025-03
FLUOROCHEM,Gujarat Fluorochemicals Ltd.,Chemicals,INE09N301011,FLUOROCHEM.NS,2026-05-01,2025-03
GMDCLTD,Gujarat Mineral Development Corporation Ltd.,Metals & Mining,INE131A01031,GMDCLTD.NS,2026-05-01,2025-03
GSPL,Gujarat State Petronet Ltd.,Oil Gas & Consumable Fuels,INE246F01010,GSPL.NS,2026-05-01,2025-03
HEG,H.E.G. Ltd.,Capital Goods,INE545A01024,HEG.NS,2026-05-01,2025-03
HBLENGINE,HBL Engineering Ltd.,Capital Goods,INE292B01021,HBLENGINE.NS,2026-05-01,2025-03
HCLTECH,HCL Technologies Ltd.,Information Technology,INE860A01027,HCLTECH.NS,2026-05-01,2025-03
HDFCAMC,HDFC Asset Management Company Ltd.,Financial Services,INE127D01025,HDFCAMC.NS,2026-05-01,2025-03
HDFCBANK,HDFC Bank Ltd.,Financial Services,INE040A01034,HDFCBANK.NS,2026-05-01,2025-03
HDFCLIFE,HDFC Life Insurance Company Ltd.,Financial Services,INE795G01014,HDFCLIFE.NS,2026-05-01,2025-03
HFCL,HFCL Ltd.,Telecommunication,INE548A01028,HFCL.NS,2026-05-01,2025-03
HAVELLS,Havells India Ltd.,Consumer Durables,INE176B01034,HAVELLS.NS,2026-05-01,2025-03
HEROMOTOCO,Hero MotoCorp Ltd.,Automobile and Auto Components,INE158A01026,HEROMOTOCO.NS,2026-05-01,2025-03
HEXT,Hexaware Technologies Ltd.,Information Technology,INE093A01041,HEXT.NS,2026-05-01,2025-03
HSCL,Himadri Speciality Chemical Ltd.,Chemicals,INE019C01026,HSCL.NS,2026-05-01,2025-03
HINDALCO,Hindalco Industries Ltd.,Metals & Mining,INE038A01020,HINDALCO.NS,2026-05-01,2025-03
HAL,Hindustan Aeronautics Ltd.,Capital Goods,INE066F01020,HAL.NS,2026-05-01,2025-03
HINDCOPPER,Hindustan Copper Ltd.,Metals & Mining,INE531E01026,HINDCOPPER.NS,2026-05-01,2025-03
HINDPETRO,Hindustan Petroleum Corporation Ltd.,Oil Gas & Consumable Fuels,INE094A01015,HINDPETRO.NS,2026-05-01,2025-03
HINDUNILVR,Hindustan Unilever Ltd.,Fast Moving Consumer Goods,INE030A01027,HINDUNILVR.NS,2026-05-01,2025-03
HINDZINC,Hindustan Zinc Ltd.,Metals & Mining,INE267A01025,HINDZINC.NS,2026-05-01,2025-03
POWERINDIA,Hitachi Energy India Ltd.,Capital Goods,INE07Y701011,POWERINDIA.NS,2026-05-01,2025-03
HOMEFIRST,Home First Finance Company India Ltd.,Financial Services,INE481N01025,HOMEFIRST.NS,2026-05-01,2025-03
HONASA,Honasa Consumer Ltd.,Fast Moving Consumer Goods,INE0J5401028,HONASA.NS,2026-05-01,2025-03
HONAUT,Honeywell Automation India Ltd.,Capital Goods,INE671A01010,HONAUT.NS,2026-05-01,2025-03
HUDCO,Housing & Urban Development Corporation Ltd.,Financial Services,INE031A01017,HUDCO.NS,2026-05-01,2025-03
HYUNDAI,Hyundai Motor India Ltd.,Automobile and Auto Components,INE0V6F01027,HYUNDAI.NS,2026-05-01,2025-03
ICICIBANK,ICICI Bank Ltd.,Financial Services,INE090A01021,ICICIBANK.NS,2026-05-01,2025-03
ICICIGI,ICICI Lombard General Insurance Company Ltd.,Financial Services,INE765G01017,ICICIGI.NS,2026-05-01,2025-03
ICICIPRULI,ICICI Prudential Life Insurance Company Ltd.,Financial Services,INE726G01019,ICICIPRULI.NS,2026-05-01,2025-03
IDBI,IDBI Bank Ltd.,Financial Services,INE008A01015,IDBI.NS,2026-05-01,2025-03
IDFCFIRSTB,IDFC First Bank Ltd.,Financial Services,INE092T01019,IDFCFIRSTB.NS,2026-05-01,2025-03
IFCI,IFCI Ltd.,Financial Services,INE039A01010,IFCI.NS,2026-05-01,2025-03
IIFL,IIFL Finance Ltd.,Financial Services,INE530B01024,IIFL.NS,2026-05-01,2025-03
IRB,IRB Infrastructure Developers Ltd.,Construction,INE821I01022,IRB.NS,2026-05-01,2025-03
IRCON,IRCON International Ltd.,Construction,INE962Y01021,IRCON.NS,2026-05-01,2025-03
ITCHOTELS,ITC Hotels Ltd.,Consumer Services,INE379A01028,ITCHOTELS.NS,2026-05-01,2025-03
ITC,ITC Ltd.,Fast Moving Consumer Goods,INE154A01025,ITC.NS,2026-05-01,2025-03
ITI,ITI Ltd.,Telecommunication,INE248A01017,ITI.NS,2026-05-01,2025-03
INDGN,Indegene Ltd.,Healthcare,INE065X01017,INDGN.NS,2026-05-01,2025-03
INDIACEM,India Cements Ltd.,Construction Materials,INE383A01012,INDIACEM.NS,2026-05-01,2025-03
INDIAMART,Indiamart Intermesh Ltd.,Consumer Services,INE933S01016,INDIAMART.NS,2026-05-01,2025-03
INDIANB,Indian Bank,Financial Services,INE562A01011,INDIANB.NS,2026-05-01,2025-03
IEX,Indian Energy Exchange Ltd.,Financial Services,INE022Q01020,IEX.NS,2026-05-01,2025-03
INDHOTEL,Indian Hotels Co. Ltd.,Consumer Services,INE053A01029,INDHOTEL.NS,2026-05-01,2025-03
IOC,Indian Oil Corporation Ltd.,Oil Gas & Consumable Fuels,INE242A01010,IOC.NS,2026-05-01,2025-03
IOB,Indian Overseas Bank,Financial Services,INE565A01014,IOB.NS,2026-05-01,2025-03
IRCTC,Indian Railway Catering And Tourism Corporation Ltd.,Consumer Services,INE335Y01020,IRCTC.NS,2026-05-01,2025-03
IRFC,Indian Railway Finance Corporation Ltd.,Financial Services,INE053F01010,IRFC.NS,2026-05-01,2025-03
IREDA,Indian Renewable Energy Development Agency Ltd.,Financial Services,INE202E01016,IREDA.NS,2026-05-01,2025-03
IGL,Indraprastha Gas Ltd.,Oil Gas & Consumable Fuels,INE203G01027,IGL.NS,2026-05-01,2025-03
INDUSTOWER,Indus Towers Ltd.,Telecommunication,INE121J01017,INDUSTOWER.NS,2026-05-01,2025-03
INDUSINDBK,IndusInd Bank Ltd.,Financial Services,INE095A01012,INDUSINDBK.NS,2026-05-01,2025-03
NAUKRI,Info Edge (India) Ltd.,Consumer Services,INE663F01032,NAUKRI.NS,2026-05-01,2025-03
INFY,Infosys Ltd.,Information Technology,INE009A01021,INFY.NS,2026-05-01,2025-03
INOXWIND,Inox Wind Ltd.,Capital Goods,INE066P01011,INOXWIND.NS,2026-05-01,2025-03
INTELLECT,Intellect Design Arena Ltd.,Information Technology,INE306R01017,INTELLECT.NS,2026-05-01,2025-03
INDIGO,InterGlobe Aviation Ltd.,Services,INE646L01027,INDIGO.NS,2026-05-01,2025-03
IGIL,International Gemmological Institute (India) Ltd.,Services,INE0Q9301021,IGIL.NS,2026-05-01,2025-03
IKS,Inventurus Knowledge Solutions Ltd.,Information Technology,INE115Q01022,IKS.NS,2026-05-01,2025-03
IPCALAB,Ipca Laboratories Ltd.,Healthcare,INE571A01038,IPCALAB.NS,2026-05-01,2025-03
JBCHEPHARM,J.B. Chemicals & Pharmaceuticals Ltd.,Healthcare,INE572A01036,JBCHEPHARM.NS,2026-05-01,2025-03
JKCEMENT,J.K. Cement Ltd.,Construction Materials,INE823G01014,JKCEMENT.NS,2026-05-01,2025-03
JBMA,JBM Auto Ltd.,Automobile and Auto Components,INE927D01051,JBMA.NS,2026-05-01,2025-03
JKTYRE,JK Tyre & Industries Ltd.,Automobile and Auto Components,INE573A01042,JKTYRE.NS,2026-05-01,2025-03
JMFINANCIL,JM Financial Ltd.,Financial Services,INE780C01023,JMFINANCIL.NS,2026-05-01,2025-03
JSWENERGY,JSW Energy Ltd.,Power,INE121E01018,JSWENERGY.NS,2026-05-01,2025-03
JSWINFRA,JSW Infrastructure Ltd.,Services,INE880J01026,JSWINFRA.NS,2026-05-01,2025-03
JSWSTEEL,JSW Steel Ltd.,Metals & Mining,INE019A01038,JSWSTEEL.NS,2026-05-01,2025-03
JPPOWER,Jaiprakash Power Ventures Ltd.,Power,INE351F01018,JPPOWER.NS,2026-05-01,2025-03
J&KBANK,Jammu & Kashmir Bank Ltd.,Financial Services,INE168A01041,J&KBANK.NS,2026-05-01,2025-03
JINDALSAW,Jindal Saw Ltd.,Capital Goods,INE324A01032,JINDALSAW.NS,2026-05-01,2025-03
JSL,Jindal Stainless Ltd.,Metals & Mining,INE220G01021,JSL.NS,2026-05-01,2025-03
JINDALSTEL,Jindal Steel Ltd.,Metals & Mining,INE749A01030,JINDALSTEL.NS,2026-05-01,2025-03
JIOFIN,Jio Financial Services Ltd.,Financial Services,INE758E01017,JIOFIN.NS,2026-05-01,2025-03
JUBLFOOD,Jubilant Foodworks Ltd.,Consumer Services,INE797F01020,JUBLFOOD.NS,2026-05-01,2025-03
JUBLINGREA,Jubilant Ingrevia Ltd.,Chemicals,INE0BY001018,JUBLINGREA.NS,2026-05-01,2025-03
JUBLPHARMA,Jubilant Pharmova Ltd.,Healthcare,INE700A01033,JUBLPHARMA.NS,2026-05-01,2025-03
JWL,Jupiter Wagons Ltd.,Capital Goods,INE209L01016,JWL.NS,2026-05-01,2025-03
JYOTICNC,Jyoti CNC Automation Ltd.,Capital Goods,INE980O01024,JYOTICNC.NS,2026-05-01,2025-03
KPRMILL,K.P.R. Mill Ltd.,Textiles,INE930H01031,KPRMILL.NS,2026-05-01,2025-03
KEI,KEI Industries Ltd.,Capital Goods,INE878B01027,KEI.NS,2026-05-01,2025-03
KPITTECH,KPIT Technologies Ltd.,Information Technology,INE04I401011,KPITTECH.NS,2026-05-01,2025-03
KAJARIACER,Kajaria Ceramics Ltd.,Consumer Durables,INE217B01036,KAJARIACER.NS,2026-05-01,2025-03
KPIL,Kalpataru Projects International Ltd.,Construction,INE220B01022,KPIL.NS,2026-05-01,2025-03
KALYANKJIL,Kalyan Jewellers India Ltd.,Consumer Durables,INE303R01014,KALYANKJIL.NS,2026-05-01,2025-03
KARURVYSYA,Karur Vysya Bank Ltd.,Financial Services,INE036D01028,KARURVYSYA.NS,2026-05-01,2025-03
KAYNES,Kaynes Technology India Ltd.,Capital Goods,INE918Z01012,KAYNES.NS,2026-05-01,2025-03
KEC,Kec International Ltd.,Construction,INE389H01022,KEC.NS,2026-05-01,2025-03
KFINTECH,Kfin Technologies Ltd.,Financial Services,INE138Y01010,KFINTECH.NS,2026-05-01,2025-03
KIRLOSENG,Kirloskar Oil Eng Ltd.,Capital Goods,INE146L01010,KIRLOSENG.NS,2026-05-01,2025-03
KOTAKBANK,Kotak Mahindra Bank Ltd.,Financial Services,INE237A01036,KOTAKBANK.NS,2026-05-01,2025-03
KIMS,Krishna Institute of Medical Sciences Ltd.,Healthcare,INE967H01025,KIMS.NS,2026-05-01,2025-03
LTF,L&T Finance Ltd.,Financial Services,INE498L01015,LTF.NS,2026-05-01,2025-03
LTTS,L&T Technology Services Ltd.,Information Technology,INE010V01017,LTTS.NS,2026-05-01,2025-03
LICHSGFIN,LIC Housing Finance Ltd.,Financial Services,INE115A01026,LICHSGFIN.NS,2026-05-01,2025-03
LTFOODS,LT Foods Ltd.,Fast Moving Consumer Goods,INE818H01020,LTFOODS.NS,2026-05-01,2025-03
LT,Larsen & Toubro Ltd.,Construction,INE018A01030,LT.NS,2026-05-01,2025-03
LATENTVIEW,Latent View Analytics Ltd.,Information Technology,INE0I7C01011,LATENTVIEW.NS,2026-05-01,2025-03
LAURUSLABS,Laurus Labs Ltd.,Healthcare,INE947Q01028,LAURUSLABS.NS,2026-05-01,2025-03
LEMONTREE,Lemon Tree Hotels Ltd.,Consumer Services,INE970X01018,LEMONTREE.NS,2026-05-01,2025-03
LICI,Life Insurance Corporation of India,Financial Services,INE0J1Y01017,LICI.NS,2026-05-01,2025-03
LINDEINDIA,Linde India Ltd.,Chemicals,INE473A01011,LINDEINDIA.NS,2026-05-01,2025-03
LLOYDSME,Lloyds Metals And Energy Ltd.,Metals & Mining,INE281B01032,LLOYDSME.NS,2026-05-01,2025-03
LODHA,Lodha Developers Ltd.,Realty,INE670K01029,LODHA.NS,2026-05-01,2025-03
LUPIN,Lupin Ltd.,Healthcare,INE326A01037,LUPIN.NS,2026-05-01,2025-03
MMTC,MMTC Ltd.,Services,INE123F01029,MMTC.NS,2026-05-01,2025-03
MRF,MRF Ltd.,Automobile and Auto Components,INE883A01011,MRF.NS,2026-05-01,2025-03
MGL,Mahanagar Gas Ltd.,Oil Gas & Consumable Fuels,INE002S01010,MGL.NS,2026-05-01,2025-03
M&MFIN,Mahindra & Mahindra Financial Services Ltd.,Financial Services,INE774D01024,M&MFIN.NS,2026-05-01,2025-03
M&M,Mahindra & Mahindra Ltd.,Automobile and Auto Components,INE101A01026,M&M.NS,2026-05-01,2025-03
MANAPPURAM,Manappuram Finance Ltd.,Financial Services,INE522D01027,MANAPPURAM.NS,2026-05-01,2025-03
MRPL,Mangalore Refinery & Petrochemicals Ltd.,Oil Gas & Consumable Fuels,INE103A01014,MRPL.NS,2026-05-01,2025-03
MANKIND,Mankind Pharma Ltd.,Healthcare,INE634S01028,MANKIND.NS,2026-05-01,2025-03
MARICO,Marico Ltd.,Fast Moving Consumer Goods,INE196A01026,MARICO.NS,2026-05-01,2025-03
MARUTI,Maruti Suzuki India Ltd.,Automobile and Auto Components,INE585B01010,MARUTI.NS,2026-05-01,2025-03
MFSL,Max Financial Services Ltd.,Financial Services,INE180A01020,MFSL.NS,2026-05-01,2025-03
MAXHEALTH,Max Healthcare Institute Ltd.,Healthcare,INE027H01010,MAXHEALTH.NS,2026-05-01,2025-03
MAZDOCK,Mazagoan Dock Shipbuilders Ltd.,Capital Goods,INE249Z01020,MAZDOCK.NS,2026-05-01,2025-03
MINDACORP,Minda Corporation Ltd.,Automobile and Auto Components,INE842C01021,MINDACORP.NS,2026-05-01,2025-03
MSUMI,Motherson Sumi Wiring India Ltd.,Automobile and Auto Components,INE0FS801015,MSUMI.NS,2026-05-01,2025-03
MOTILALOFS,Motilal Oswal Financial Services Ltd.,Financial Services,INE338I01027,MOTILALOFS.NS,2026-05-01,2025-03
MPHASIS,MphasiS Ltd.,Information Technology,INE356A01018,MPHASIS.NS,2026-05-01,2025-03
MCX,Multi Commodity Exchange of India Ltd.,Financial Services,INE745G01043,MCX.NS,2026-05-01,2025-03
MUTHOOTFIN,Muthoot Finance Ltd.,Financial Services,INE414G01012,MUTHOOTFIN.NS,2026-05-01,2025-03
NATCOPHARM,NATCO Pharma Ltd.,Healthcare,INE987B01026,NATCOPHARM.NS,2026-05-01,2025-03
NBCC,NBCC (India) Ltd.,Construction,INE095N01031,NBCC.NS,2026-05-01,2025-03
NCC,NCC Ltd.,Construction,INE868B01028,NCC.NS,2026-05-01,2025-03
NHPC,NHPC Ltd.,Power,INE848E01016,NHPC.NS,2026-05-01,2025-03
NLCINDIA,NLC India Ltd.,Power,INE589A01014,NLCINDIA.NS,2026-05-01,2025-03
NMDC,NMDC Ltd.,Metals & Mining,INE584A01023,NMDC.NS,2026-05-01,2025-03
NSLNISP,NMDC Steel Ltd.,Metals & Mining,INE0NNS01018,NSLNISP.NS,2026-05-01,2025-03
NTPCGREEN,NTPC Green Energy Ltd.,Power,INE0ONG01011,NTPCGREEN.NS,2026-05-01,2025-03
NTPC,NTPC Ltd.,Power,INE733E01010,NTPC.NS,2026-05-01,2025-03
NH,Narayana Hrudayalaya Ltd.,Healthcare,INE410P01011,NH.NS,2026-05-01,2025-03
NATIONALUM,National Aluminium Co. Ltd.,Metals & Mining,INE139A01034,NATIONALUM.NS,2026-05-01,2025-03
NAVA,Nava Ltd.,Power,INE725A01030,NAVA.NS,2026-05-01,2025-03
NAVINFLUOR,Navin Fluorine International Ltd.,Chemicals,INE048G01026,NAVINFLUOR.NS,2026-05-01,2025-03
NESTLEIND,Nestle India Ltd.,Fast Moving Consumer Goods,INE239A01024,NESTLEIND.NS,2026-05-01,2025-03
NETWEB,Netweb Technologies India Ltd.,Information Technology,INE0NT901020,NETWEB.NS,2026-05-01,2025-03
NEULANDLAB,Neuland Laboratories Ltd.,Healthcare,INE794A01010,NEULANDLAB.NS,2026-05-01,2025-03
NEWGEN,Newgen Software Technologies Ltd.,Information Technology,INE619B01017,NEWGEN.NS,2026-05-01,2025-03
NAM-INDIA,Nippon Life India Asset Management Ltd.,Financial Services,INE298J01013,NAM-INDIA.NS,2026-05-01,2025-03
NIVABUPA,Niva Bupa Health Insurance Company Ltd.,Financial Services,INE995S01015,NIVABUPA.NS,2026-05-01,2025-03
NUVAMA,Nuvama Wealth Management Ltd.,Financial Services,INE531F01023,NUVAMA.NS,2026-05-01,2025-03
NUVOCO,Nuvoco Vistas Corporation Ltd.,Construction Materials,INE118D01016,NUVOCO.NS,2026-05-01,2025-03
OBEROIRLTY,Oberoi Realty Ltd.,Realty,INE093I01010,OBEROIRLTY.NS,2026-05-01,2025-03
ONGC,Oil & Natural Gas Corporation Ltd.,Oil Gas & Consumable Fuels,INE213A01029,ONGC.NS,2026-05-01,2025-03
OIL,Oil India Ltd.,Oil Gas & Consumable Fuels,INE274J01014,OIL.NS,2026-05-01,2025-03
OLAELEC,Ola Electric Mobility Ltd.,Automobile and Auto Components,INE0LXG01040,OLAELEC.NS,2026-05-01,2025-03
OLECTRA,Olectra Greentech Ltd.,Automobile and Auto Components,INE260D01016,OLECTRA.NS,2026-05-01,2025-03
PAYTM,One 97 Communications Ltd.,Financial Services,INE982J01020,PAYTM.NS,2026-05-01,2025-03
ONESOURCE,Onesource Specialty Pharma Ltd.,Healthcare,INE013P01021,ONESOURCE.NS,2026-05-01,2025-03
OFSS,Oracle Financial Services Software Ltd.,Information Technology,INE881D01027,OFSS.NS,2026-05-01,2025-03
POLICYBZR,PB Fintech Ltd.,Financial Services,INE417T01026,POLICYBZR.NS,2026-05-01,2025-03
PCBL,PCBL Chemical Ltd.,Chemicals,INE602A01031,PCBL.NS,2026-05-01,2025-03
PGEL,PG Electroplast Ltd.,Consumer Durables,INE457L01029,PGEL.NS,2026-05-01,2025-03
PIIND,PI Industries Ltd.,Chemicals,INE603J01030,PIIND.NS,2026-05-01,2025-03
PNBHOUSING,PNB Housing Finance Ltd.,Financial Services,INE572E01012,PNBHOUSING.NS,2026-05-01,2025-03
PTCIL,PTC Industries Ltd.,Capital Goods,INE596F01018,PTCIL.NS,2026-05-01,2025-03
PVRINOX,PVR INOX Ltd.,Media Entertainment & Publication,INE191H01014,PVRINOX.NS,2026-05-01,2025-03
PAGEIND,Page Industries Ltd.,Textiles,INE761H01022,PAGEIND.NS,2026-05-01,2025-03
PARADEEP,Paradeep Phosphates Ltd.,Chemicals,INE088F01024,PARADEEP.NS,2026-05-01,2025-03
PATANJALI,Patanjali Foods Ltd.,Fast Moving Consumer Goods,INE619A01035,PATANJALI.NS,2026-05-01,2025-03
PERSISTENT,Persistent Systems Ltd.,Information Technology,INE262H01021,PERSISTENT.NS,2026-05-01,2025-03
PETRONET,Petronet LNG Ltd.,Oil Gas & Consumable Fuels,INE347G01014,PETRONET.NS,2026-05-01,2025-03
PFIZER,Pfizer Ltd.,Healthcare,INE182A01018,PFIZER.NS,2026-05-01,2025-03
PHOENIXLTD,Phoenix Mills Ltd.,Realty,INE211B01039,PHOENIXLTD.NS,2026-05-01,2025-03
PIDILITIND,Pidilite Industries Ltd.,Chemicals,INE318A01026,PIDILITIND.NS,2026-05-01,2025-03
PPLPHARMA,Piramal Pharma Ltd.,Healthcare,INE0DK501011,PPLPHARMA.NS,2026-05-01,2025-03
POLYMED,Poly Medicure Ltd.,Healthcare,INE205C01021,POLYMED.NS,2026-05-01,2025-03
POLYCAB,Polycab India Ltd.,Capital Goods,INE455K01017,POLYCAB.NS,2026-05-01,2025-03
POONAWALLA,Poonawalla Fincorp Ltd.,Financial Services,INE511C01022,POONAWALLA.NS,2026-05-01,2025-03
PFC,Power Finance Corporation Ltd.,Financial Services,INE134E01011,PFC.NS,2026-05-01,2025-03
POWERGRID,Power Grid Corporation of India Ltd.,Power,INE752E01010,POWERGRID.NS,2026-05-01,2025-03
PREMIERENE,Premier Energies Ltd.,Capital Goods,INE0BS701011,PREMIERENE.NS,2026-05-01,2025-03
PRESTIGE,Prestige Estates Projects Ltd.,Realty,INE811K01011,PRESTIGE.NS,2026-05-01,2025-03
PNB,Punjab National Bank,Financial Services,INE160A01022,PNB.NS,2026-05-01,2025-03
RRKABEL,R R Kabel Ltd.,Capital Goods,INE777K01022,RRKABEL.NS,2026-05-01,2025-03
RBLBANK,RBL Bank Ltd.,Financial Services,INE976G01028,RBLBANK.NS,2026-05-01,2025-03
RECLTD,REC Ltd.,Financial Services,INE020B01018,RECLTD.NS,2026-05-01,2025-03
RHIM,RHI MAGNESITA INDIA LTD.,Capital Goods,INE743M01012,RHIM.NS,2026-05-01,2025-03
RITES,RITES Ltd.,Construction,INE320J01015,RITES.NS,2026-05-01,2025-03
RADICO,Radico Khaitan Ltd,Fast Moving Consumer Goods,INE944F01028,RADICO.NS,2026-05-01,2025-03
RVNL,Rail Vikas Nigam Ltd.,Construction,INE415G01027,RVNL.NS,2026-05-01,2025-03
RAILTEL,Railtel Corporation Of India Ltd.,Telecommunication,INE0DD101019,RAILTEL.NS,2026-05-01,2025-03
RAINBOW,Rainbow Childrens Medicare Ltd.,Healthcare,INE961O01016,RAINBOW.NS,2026-05-01,2025-03
RKFORGE,Ramkrishna Forgings Ltd.,Automobile and Auto Components,INE399G01023,RKFORGE.NS,2026-05-01,2025-03
REDINGTON,Redington Ltd.,Services,INE891D01026,REDINGTON.NS,2026-05-01,2025-03
RELIANCE,Reliance Industries Ltd.,Oil Gas & Consumable Fuels,INE002A01018,RELIANCE.NS,2026-05-01,2025-03
RPOWER,Reliance Power Ltd.,Power,INE614G01033,RPOWER.NS,2026-05-01,2025-03
SBFC,SBFC Finance Ltd.,Financial Services,INE423Y01016,SBFC.NS,2026-05-01,2025-03
SBICARD,SBI Cards and Payment Services Ltd.,Financial Services,INE018E01016,SBICARD.NS,2026-05-01,2025-03
SBILIFE,SBI Life Insurance Company Ltd.,Financial Services,INE123W01016,SBILIFE.NS,2026-05-01,2025-03
SJVN,SJVN Ltd.,Power,INE002L01015,SJVN.NS,2026-05-01,2025-03
SRF,SRF Ltd.,Chemicals,INE647A01010,SRF.NS,2026-05-01,2025-03
SAGILITY,Sagility Ltd.,Information Technology,INE0W2G01015,SAGILITY.NS,2026-05-01,2025-03
SAILIFE,Sai Life Sciences Ltd.,Healthcare,INE570L01029,SAILIFE.NS,2026-05-01,2025-03
SAMMAANCAP,Sammaan Capital Ltd.,Financial Services,INE148I01020,SAMMAANCAP.NS,2026-05-01,2025-03
MOTHERSON,Samvardhana Motherson International Ltd.,Automobile and Auto Components,INE775A01035,MOTHERSON.NS,2026-05-01,2025-03
SAPPHIRE,Sapphire Foods India Ltd.,Consumer Services,INE806T01020,SAPPHIRE.NS,2026-05-01,2025-03
SARDAEN,Sarda Energy and Minerals Ltd.,Metals & Mining,INE385C01021,SARDAEN.NS,2026-05-01,2025-03
SAREGAMA,Saregama India Ltd,Media Entertainment & Publication,INE979A01025,SAREGAMA.NS,2026-05-01,2025-03
SCHAEFFLER,Schaeffler India Ltd.,Automobile and Auto Components,INE513A01022,SCHAEFFLER.NS,2026-05-01,2025-03
SCI,Shipping Corporation of India Ltd.,Services,INE109A01011,SCI.NS,2026-05-01,2025-03
SHREECEM,Shree Cement Ltd.,Construction Materials,INE070A01015,SHREECEM.NS,2026-05-01,2025-03
SHRIRAMFIN,Shriram Finance Ltd.,Financial Services,INE721A01047,SHRIRAMFIN.NS,2026-05-01,2025-03
SHYAMMETL,Shyam Metalics and Energy Ltd.,Capital Goods,INE810G01011,SHYAMMETL.NS,2026-05-01,2025-03
SIEMENS,Siemens Ltd.,Capital Goods,INE003A01024,SIEMENS.NS,2026-05-01,2025-03
SIGNATURE,Signatureglobal (India) Ltd.,Realty,INE903U01023,SIGNATURE.NS,2026-05-01,2025-03
SOBHA,Sobha Ltd.,Realty,INE671H01015,SOBHA.NS,2026-05-01,2025-03
SOLARINDS,Solar Industries India Ltd.,Chemicals,INE343H01029,SOLARINDS.NS,2026-05-01,2025-03
SONACOMS,Sona BLW Precision Forgings Ltd.,Automobile and Auto Components,INE073K01018,SONACOMS.NS,2026-05-01,2025-03
SONATSOFTW,Sonata Software Ltd.,Information Technology,INE269A01021,SONATSOFTW.NS,2026-05-01,2025-03
STARHEALTH,Star Health and Allied Insurance Company Ltd.,Financial Services,INE575P01011,STARHEALTH.NS,2026-05-01,2025-03
SBIN,State Bank of India,Financial Services,INE062A01020,SBIN.NS,2026-05-01,2025-03
SAIL,Steel Authority of India Ltd.,Metals & Mining,INE114A01011,SAIL.NS,2026-05-01,2025-03
SUMICHEM,Sumitomo Chemical India Ltd.,Chemicals,INE258G01013,SUMICHEM.NS,2026-05-01,2025-03
SUNPHARMA,Sun Pharmaceutical Industries Ltd.,Healthcare,INE044A01036,SUNPHARMA.NS,2026-05-01,2025-03
SUNTV,Sun TV Network Ltd.,Media Entertainment & Publication,INE424H01027,SUNTV.NS,2026-05-01,2025-03
SUNDARMFIN,Sundaram Finance Ltd.,Financial Services,INE660A01013,SUNDARMFIN.NS,2026-05-01,2025-03
SUPREMEIND,Supreme Industries Ltd.,Capital Goods,INE195A01028,SUPREMEIND.NS,2026-05-01,2025-03
SPLPETRO,Supreme Petrochem Ltd.,Chemicals,INE663A01033,SPLPETRO.NS,2026-05-01,2025-03
SUZLON,Suzlon Energy Ltd.,Capital Goods,INE040H01021,SUZLON.NS,2026-05-01,2025-03
SWANCORP,Swan Corp Ltd.,Chemicals,INE665A01038,SWANCORP.NS,2026-05-01,2025-03
SWIGGY,Swiggy Ltd.,Consumer Services,INE00H001014,SWIGGY.NS,2026-05-01,2025-03
SYNGENE,Syngene International Ltd.,Healthcare,INE398R01022,SYNGENE.NS,2026-05-01,2025-03
SYRMA,Syrma SGS Technology Ltd.,Capital Goods,INE0DYJ01015,SYRMA.NS,2026-05-01,2025-03
TBOTEK,TBO Tek Ltd.,Consumer Services,INE673O01025,TBOTEK.NS,2026-05-01,2025-03
TVSMOTOR,TVS Motor Company Ltd.,Automobile and Auto Components,INE494B01023,TVSMOTOR.NS,2026-05-01,2025-03
TATACHEM,Tata Chemicals Ltd.,Chemicals,INE092A01019,TATACHEM.NS,2026-05-01,2025-03
TATACOMM,Tata Communications Ltd.,Telecommunication,INE151A01013,TATACOMM.NS,2026-05-01,2025-03
TCS,Tata Consultancy Services Ltd.,Information Technology,INE467B01029,TCS.NS,2026-05-01,2025-03
TATACONSUM,Tata Consumer Products Ltd.,Fast Moving Consumer Goods,INE192A01025,TATACONSUM.NS,2026-05-01,2025-03
TATAELXSI,Tata Elxsi Ltd.,Information Technology,INE670A01012,TATAELXSI.NS,2026-05-01,2025-03
TATAINVEST,Tata Investment Corporation Ltd.,Financial Services,INE672A01026,TATAINVEST.NS,2026-05-01,2025-03
TATAPOWER,Tata Power Co. Ltd.,Power,INE245A01021,TATAPOWER.NS,2026-05-01,2025-03
TATASTEEL,Tata Steel Ltd.,Metals & Mining,INE081A01020,TATASTEEL.NS,2026-05-01,2025-03
TATATECH,Tata Technologies Ltd.,Information Technology,INE142M01025,TATATECH.NS,2026-05-01,2025-03
TTML,Tata Teleservices (Maharashtra) Ltd.,Telecommunication,INE517B01013,TTML.NS,2026-05-01,2025-03
TECHM,Tech Mahindra Ltd.,Information Technology,INE669C01036,TECHM.NS,2026-05-01,2025-03
TECHNOE,Techno Electric & Engineering Company Ltd.,Construction,INE285K01026,TECHNOE.NS,2026-05-01,2025-03
TEGA,Tega Industries Ltd.,Capital Goods,INE011K01018,TEGA.NS,2026-05-01,2025-03
TEJASNET,Tejas Networks Ltd.,Telecommunication,INE010J01012,TEJASNET.NS,2026-05-01,2025-03
NIACL,The New India Assurance Company Ltd.,Financial Services,INE470Y01017,NIACL.NS,2026-05-01,2025-03
RAMCOCEM,The Ramco Cements Ltd.,Construction Materials,INE331A01037,RAMCOCEM.NS,2026-05-01,2025-03
THERMAX,Thermax Ltd.,Capital Goods,INE152A01029,THERMAX.NS,2026-05-01,2025-03
TIMKEN,Timken India Ltd.,Capital Goods,INE325A01013,TIMKEN.NS,2026-05-01,2025-03
TITAGARH,Titagarh Rail Systems Ltd.,Capital Goods,INE615H01020,TITAGARH.NS,2026-05-01,2025-03
TITAN,Titan Company Ltd.,Consumer Durables,INE280A01028,TITAN.NS,2026-05-01,2025-03
TORNTPHARM,Torrent Pharmaceuticals Ltd.,Healthcare,INE685A01028,TORNTPHARM.NS,2026-05-01,2025-03
TORNTPOWER,Torrent Power Ltd.,Power,INE813H01021,TORNTPOWER.NS,2026-05-01,2025-03
TARIL,Transformers And Rectifiers (India) Ltd.,Capital Goods,INE763I01026,TARIL.NS,2026-05-01,2025-03
TRENT,Trent Ltd.,Consumer Services,INE849A01020,TRENT.NS,2026-05-01,2025-03
TRIDENT,Trident Ltd.,Textiles,INE064C01022,TRIDENT.NS,2026-05-01,2025-03
TRITURBINE,Triveni Turbine Ltd.,Capital Goods,INE152M01016,TRITURBINE.NS,2026-05-01,2025-03
TIINDIA,Tube Investments of India Ltd.,Automobile and Auto Components,INE974X01010,TIINDIA.NS,2026-05-01,2025-03
UCOBANK,UCO Bank,Financial Services,INE691A01018,UCOBANK.NS,2026-05-01,2025-03
UNOMINDA,UNO Minda Ltd.,Automobile and Auto Components,INE405E01023,UNOMINDA.NS,2026-05-01,2025-03
UPL,UPL Ltd.,Chemicals,INE628A01036,UPL.NS,2026-05-01,2025-03
UTIAMC,UTI Asset Management Company Ltd.,Financial Services,INE094J01016,UTIAMC.NS,2026-05-01,2025-03
ULTRACEMCO,UltraTech Cement Ltd.,Construction Materials,INE481G01011,ULTRACEMCO.NS,2026-05-01,2025-03
UNIONBANK,Union Bank of India,Financial Services,INE692A01016,UNIONBANK.NS,2026-05-01,2025-03
UBL,United Breweries Ltd.,Fast Moving Consumer Goods,INE686F01025,UBL.NS,2026-05-01,2025-03
UNITDSPR,United Spirits Ltd.,Fast Moving Consumer Goods,INE854D01024,UNITDSPR.NS,2026-05-01,2025-03
USHAMART,Usha Martin Ltd.,Capital Goods,INE228A01035,USHAMART.NS,2026-05-01,2025-03
VTL,Vardhman Textiles Ltd.,Textiles,INE825A01020,VTL.NS,2026-05-01,2025-03
VBL,Varun Beverages Ltd.,Fast Moving Consumer Goods,INE200M01039,VBL.NS,2026-05-01,2025-03
VEDL,Vedanta Ltd.,Metals & Mining,INE205A01025,VEDL.NS,2026-05-01,2025-03
VIJAYA,Vijaya Diagnostic Centre Ltd.,Healthcare,INE043W01024,VIJAYA.NS,2026-05-01,2025-03
VMM,Vishal Mega Mart Ltd.,Consumer Services,INE01EA01019,VMM.NS,2026-05-01,2025-03
IDEA,Vodafone Idea Ltd.,Telecommunication,INE669E01016,IDEA.NS,2026-05-01,2025-03
VOLTAS,Voltas Ltd.,Consumer Durables,INE226A01021,VOLTAS.NS,2026-05-01,2025-03
WAAREEENER,Waaree Energies Ltd.,Capital Goods,INE377N01017,WAAREEENER.NS,2026-05-01,2025-03
WELCORP,Welspun Corp Ltd.,Capital Goods,INE191B01025,WELCORP.NS,2026-05-01,2025-03
WELSPUNLIV,Welspun Living Ltd.,Textiles,INE192B01031,WELSPUNLIV.NS,2026-05-01,2025-03
WHIRLPOOL,Whirlpool of India Ltd.,Consumer Durables,INE716A01013,WHIRLPOOL.NS,2026-05-01,2025-03
WIPRO,Wipro Ltd.,Information Technology,INE075A01022,WIPRO.NS,2026-05-01,2025-03
WOCKPHARMA,Wockhardt Ltd.,Healthcare,INE049B01025,WOCKPHARMA.NS,2026-05-01,2025-03
YESBANK,Yes Bank Ltd.,Financial Services,INE528G01035,YESBANK.NS,2026-05-01,2025-03
ZFCVINDIA,ZF Commercial Vehicle Control Systems India Ltd.,Automobile and Auto Components,INE342J01019,ZFCVINDIA.NS,2026-05-01,2025-03
ZEEL,Zee Entertainment Enterprises Ltd.,Media Entertainment & Publication,INE256A01028,ZEEL.NS,2026-05-01,2025-03
ZENTEC,Zen Technologies Ltd.,Capital Goods,INE251B01027,ZENTEC.NS,2026-05-01,2025-03
ZENSARTECH,Zensar Technolgies Ltd.,Information Technology,INE520A01027,ZENSARTECH.NS,2026-05-01,2025-03
ZYDUSLIFE,Zydus Lifesciences Ltd.,Healthcare,INE010B01027,ZYDUSLIFE.NS,2026-05-01,2025-03
ZYDUSWELL,Zydus Wellness Ltd.,Fast Moving Consumer Goods,INE768C01028,ZYDUSWELL.NS,2026-05-01,2025-03
ECLERX,eClerx Services Ltd.,Services,INE738I01010,ECLERX.NS,2026-05-01,2025-03
